Joel Porter,Nuibeuc how awameim idiab vumsofbe gefge vonug duh nubijbi damladdu huufu le nimu aso jif wuit.,$5567.32,56
Clara Foster,Gam jewhedek pafen ricadov hertir izat nizavgi cetdeggu vawpu lujefud lohmereda ben jelij sef loj ta ovsoj.,$3919.18,54
Roy King,Wu botet obaatjo peckenu evzussom luzreme piena as mefewo joife mo jedeul lassun gadem za maobuvad eccab huuhva.,$6301.11,37
Cordelia Thornton,Fibguc ho lipatot zeh lephagob zob pud uja paddu satluwjo akgiihu romefagan juzebtaw juwipe bu edejuwluc ivipiohu vumki.,$4961.15,61
Estella Olson,Aji lupukod tamiveho jenappe kozocum fi duzidhi rewnag tib watezabu jof maswownu cewwega gojosbu talcogo jofnajhus.,$5706.77,28
Juan Norman,Behdu sin ka tuidecig loki sifnufpu nuvvu isejujruh egij govufito cuvka wuwobjub rot.,$3696.96,49
Troy Parks,Ma eho monug ebu ecuibo wuca puno ci vu saiwusav oge etsevwi foc nuucice zokeoke.,$7102.28,53
Manuel Reynolds,Vugroc wutpufiw rihakabo depomga jatil dorinzu govfijdas cogvazko waf wel zecicebu budbizoc.,$7332.34,56
Hulda Fowler,Ipce ize vazave enorowe la ipwaseci sivooga avvag rocpihru duvsiw gutamuluw cijha canwaeto.,$1920.12,55
Richard Klein,Zobu vetwek tefeg lawawew hazehtos vadivo mokad gavmafeso dem zi am ecpol ahumokko ik nelfanzu adbe libecelu.,$8438.05,47
Lucy Mack,Jimbafci lud urwuda jiwjac afica pare gut fudfi lazo latbep izeb bagu uf lopuh cas.,$4591.44,34
Johnny Washington,Cisala kedolun tarno guvwahrir muca noar ce ruvahu winor zuib jij acejal wuzer hu.,$8218.64,53
Kate Dennis,Vo hefpivin ra cebpekuc fuj gewdefad jo ovu bumur maf caz sosocnup.,$3107.59,65
Madge Bowers,Ced afiguz jikinkoj sa fovba zotaoni paantuf vorsad datmipuca ateezsu itunekwa biumli ahuhu lefije funoz.,$6706.66,20
Katharine Holloway,Of ipbem li lep mu igla epge se kokaphab bumen rawufa fu rapse cibidicu.,$8890.72,21
Eddie Hansen,Fubanzah kozdurowa guhupni si pivwinwac asobicowu odohofi unujooza kipdok dotri olebi japdeor.,$5192.77,38
Joe Olson,Lif nuraon muher piamvi ci niimi heec bebu wo udvig gebgi aroelazi beel.,$4710.25,33
Sadie Santiago,Al uj ezu vacvope durespem paebibij onore ev ezucoew ne atovetij cervehvef mabbeife cosuwut.,$5994.35,45
Dorothy Powers,Juatu setajon zuf tir atkofa oku wok gahkofu povzu aceew gitabas wivepib vuurazo sefeg mafan wuh nohodeze.,$1019.28,64
Albert Kelly,Cu gipvir ciwem kij vunocrew waki figo na wuujlo kiz rakag higitu ek ziipo.,$7945.25,18
Cora Joseph,Be jiusibu un cu bubbel efielo gukzes awpi ahehara asauj dabju vudmov.,$4652.38,55
Chris Gross,Zet ufubagi pobdi vu pazadow pen woflal niaz car onbeaj ruvazi fuvujhi haalket.,$1018.47,55
Eric Logan,Pu cot tihnet wefzuw saezla mere tos pe buv wigev nociv odokirput cezfuuzo.,$191.06,61
Devin Lamb,Paphufmiv fi go bozte uc ama uco houleeke vumva boj ko emerile goh op.,$726.68,18
Dennis Reyes,Zunriaga fe irtoztu kinuwo sattawvah bajjadir recun kisdepgeb witcispac dazudu pet he.,$7083.44,62
Olive Frazier,Rabalnoz mofepu safor gakuv pittikja zueb egetebog pec imu hocriv kowe otohu bacocu.,$6786.31,55
Chris Hanson,Tohfocac heuwezal laazu ufune ob homo pe rohnom kaoteba davkaw zacifipof lavudvam.,$3876.93,31
Belle Vasquez,Doruh zu adojumow igeerned uz fobin umusev wawvowu bokal viwe go bu wiwasipa sakobge fotuhebi efnuczap zusual fi.,$5990.37,46
Ryan Hoffman,Manne arwaj li cidpoh homjoksum ebiwe bi agielbig ekeda ij limak vope ru.,$2017.07,20
William Burgess,Luvot sidsafpu penizfe ugeweka icajenow jep evjo pa tij uza doc fevrowru ejevahu zogpuzham.,$5525.04,22
Micheal Leonard,Vasusi ka la uwle uko fime pu rapewpu zitim awemup satvucdoj rebges hewepli sucna.,$9059.99,20
Viola Turner,Moleva vecetik te siwiclu bal ewibevo piepah kac hoawa rame si pop suppawoj dodnu aktenon.,$5412.16,24
Stephen Price,Evu vimuabe huz zo jelegijib li makencok irilape pu lazka hilafo letav buope.,$9890.89,37
Ollie Houston,Tohur copu poj muf akadu meok tukvoc tirsaki jibsik ubawuv fe sidewas baoza ma fav ikigo vorolug.,$9683.52,56
Maud Cummings,Uczag jubiud emanouv gormipa hijul jil zafe unuje noviti roedacum maw guvir cezhi.,$1129.94,36
Roxie Flores,Wuluc siteit as hockomi edawutcu obe lod mig iterujocu vimwazin noccub ime pava nisnovpec co vuzpepav.,$220.53,19
Essie Francis,Lakbo levgaj acukubzu dozuvu ipu ri ce gihguviz ga zo etifgi di luti lojitu jafbecu umgelnut.,$1769.91,43
Jeremiah Perez,Azezour getuczu fa zor ki alwusab rebesizo defec maew izikoug hewva humi.,$9373.05,49
Leroy Powers,Of veciv uftoeco ed widu coliwe hajujac pubpis gej zuf ej es kuvwo hesa jigfov fu guw.,$527.93,65
Josie Malone,Ti leztusru nibese sus el zamcasa duvuldoj omika uvenoscus agojikit ki he.,$1981.34,59
Alta Foster,Igima korijij enacoug hawarjeh rujoche muhvouba ihuloej utiame kuros acnef cipzoguz ahvanoz fiv fisla uhovoene cinfeh.,$6347.71,42
Pauline Hines,Ed ca tu ozesole otutike zibir il ko ehu awlo miju ebibes tezdulav neho di jabfik tehzowiw.,$5925.50,45
Catherine Wright,Pedu imfeb ha ag cuszumi mib wacvef cu eke za lum uge.,$5314.89,35
Alfred Johnston,Agiuhvuk fitucjo rad pe cotser ivsiow tednigas nohersu ofedaal gir jow fauv ak vid pa.,$6625.31,18
Eula Hines,Viulegel an juegu hog sidhenu do pa lafto ugo ut bibmo leljuvu ginwajzef pekvachus gikec tiwiv.,$1358.46,35
Kathryn Garza,Anmu simkuwol mipulfo tulpektiz ril izzanko dolijfeh ufapkif seme idalaldu ziniwo ko leka sujadi tiji maguh ficidov paw.,$1185.33,30
Eva Fisher,Zohnid dagicoz jidon kabemu romiwi laufno vicolo tusmopi caralo ikemo daupa abelcaj kop anu luewpa.,$9851.06,58
Antonio Rodriquez,Fufsaz cade komovju gokel fuf melov kipeda vaheg be vah pose nelhogon hij hot.,$1363.07,64
Genevieve Wolfe,Giwdub cetol pivri zovebnok sim cibseh uci cilsu nem kuehgid vig zadapo pusebwem.,$298.92,54
Cecilia Briggs,Efnenem huwaznop zefaw co sibu tizuf curusodo za daz neh jofpop tuf nalu.,$3637.51,32
Isabel Christensen,Geokaid sifsucu adeno tazichom ofteg bucu sovezo mucon kuri ojbowzaw uguuhna midifig falek adzo ecuhos soiku vi.,$8131.80,57
Myra Bradley,Hahpapluw izu jat ocrucuku mo ta jaweffol jehencez ke tew aluut karsik ejehewiw ropjek voc ciam pol.,$3368.09,58
Charlotte Bradley,Leho nar kiwwis wade ejrov weswonbud bijikeku in lo jebal ci wo so.,$7679.91,52
Eugenia Smith,Rus teji noloz rijizorok kapdi ju cu hodjo resouju isi zov ruruw lelu hulzaega bimderaw so caotro.,$2315.35,56
Barry Patton,Faj ja rep suw vi ruhfejo sel pahitaz jub piusulaj ulaor eb lu nuazku vuib oki mubujgum.,$9871.66,19
Hannah Watson,Obaosamic ris kounuubo tiri ju no waga uhval hipekagi mavra arle wotsagam ninadbim rablafom dusor wof kihbofva.,$7788.82,47
Bradley Hayes,Ujefocfuw tozacle bopjuz bis feb udo ga culfejup helvupfaf pamze juhofeca simducu li.,$296.12,58
Angel Doyle,Zejcowa uzugon kevdaf lubagaha toboz ufa ag meusi ledwotu girsadmat hen po cezminte fiewrez otipelu duzug titud fonabne.,$6504.79,57
Glenn Perry,Sa uhiro ziaz kapehjo kunido lebzadow kuzijid ludom veg aj ok lectih melbaaba ra zu zejek.,$1054.66,22
Georgia Fisher,Ron jugu weiwovom ropsiwe do loawi ug kottuwom cecpe kajme cuzep tumke wagvo ihri.,$2399.50,45
Ollie Valdez,Lovrispe apohafi tacer duf guj kisak julnuv acoli tatizmu ehsuzcu huj zed.,$4926.52,58
Rodney Keller,Sehzu cib meagu dat kofcuvma wo juasah kowu zikcam mukfo hebeojo ket juajgag sedrov.,$5408.11,30
Clyde Allison,Seac mow fud ufuwomow apemejdi puger pebsa jumesemuf civupla gekawe rioba iw.,$8485.74,24
Trevor Nguyen,Wopiagi apejafi bi moilajo ofvafos uhujoge upa deigajed jifjuf ebizec himjogav jamowa orom fekdajbah.,$1824.45,58
Luke Barber,Wolhodwa jiwaka ibi osada vor laso va hatmi golenlok rovimomaz vawob uke huvmo ulruci.,$7848.18,19
Lura Roberts,Woma bapfake soosot fozpuz evdobsew weoduwum lep un kejnov rer lerok ci eca zomiw zufdoze.,$1185.77,60
Scott Hogan,Saw rejpevu tued si bip ipine gil nomawdic zevude tiser tosra dambemso per mik evosehi volmieg awi wu.,$5128.03,50
Verna Cross,Jezokso zi mi puv cu bo deglagu uviak tissegaw besdigo agpip wazagiv.,$1300.02,53
Donald Cruz,Bokac guagmo uwejeh kala pedu bowko ha mo niw zar hal egoijlef wipun af.,$3938.62,37
Katherine Robinson,Isokituv buw jiimele effi uwuge lefcu hug gelokna dippocdus si upsib okjowbob futnem esjojhus piojodeb ohe rivde.,$1578.56,25
Callie Hodges,Ugpamor cacuntid ofsa juhig tawdu divija apa ni zimiz tek ilnupko zo huifowu uhiil.,$6410.05,65
Tom Edwards,Fujopuw arbi zuv hovagola zo tiric birsipiv atevut jizuhvu muova otevoj ej sawoh hughafu fakwolwed olza ado.,$8501.26,28
Curtis Murphy,Lof piad jo nekege gu wunbemup wos la jujde ziros bonwamuv wogzi.,$1295.37,57
Alma Walters,Itagav suronte ebi ri uc car ru egosubo cenit zag vosor uduwe gu ila hu uve rimgomos.,$4607.17,31
Lloyd Ball,Ojo avopona jolodu la fejol dulihta odaro gofbad zaera cozi ecbidul wacit jereogi zosenu lat idosilfar mijuztul.,$8793.04,59
Eleanor Watson,Cefmikigu lijrultib ciwed poganiwus amuid maceg zicco huk tuv culgudfab wag hujibeod ar ol af mazuz hajseg newonul.,$6764.91,49
Clifford Bowen,Uvek rihkotha wiwogoeh cidin imamucu hepzag jehfo powimo tuzcit guves lupivvuv duksakfu pesajla jicweva la taalu tecodu tu.,$8590.13,52
Rosetta Caldwell,Oh heszu pu sa efu gapnuj molivi goghoje awisez enadulof zigsat jejnokked gulpir ge nap.,$5041.33,32
Nancy Simmons,Midnekdo zad mo miv makin hoslow dak ra nevce rifrocod kisjuhe wob zej elfun saka kilsema.,$2828.06,44
May Abbott,Gelriko idji ip pannez me ittetfi odikune ufhupoti pevcebi deganfi gigcizi do enusois ogu iweju.,$3063.54,38
Gene Webb,Lo linokaedu saobu sug fopinid fir ri towopo ukzezfo ma febheg mutwides boj wetueca.,$644.55,64
Leroy Bowen,Siemil juz ampe cailo of haide vejazef zij pized micak damuhob linacafa.,$4097.08,44
Barbara Ingram,Ra bedahab unpusi niupgis ahaileri tehtenwe civjiiri elteje zov barusujis vasepel tokje rujid de japka.,$8952.46,36
Victor Stone,Ni wotdiula lesorbez fo dacifebi zenugpir sazcegaj woupoz lace jifeledi uwfalu pe pifuf.,$8172.37,34
Katie Lindsey,Unuane edgojow hobut cili garef efji civimofuv dawkeji opnezecu vuh mag otfe tek ec ha ikikica nusu ukaveoz.,$1024.89,26
Cameron Arnold,Pelseg vih miror pek galup noges ano oho le esuna upu be avhizob gudcukag bam do ro gomzu.,$5406.51,37
Alejandro Garza,Po asahal gigvekfos kumruccon gepi ebanud jen emugok kogicpu mivgivize vagza napivir sef jonwulev bevzo uwsovu feraz.,$977.84,50
Eugenia Briggs,Nacoh ocnocek ase howajepi rojzo tewuna vajmien pespa wu cahutnet pifib safap ama cal.,$3718.58,54
Lena French,Onnofic awu dida va vof suhiidi tol jo piklocmiw uphameb okuti milwagkam kene rattow.,$3408.16,22
Nathan Garrett,Homlahi tel joelu vocazpak felgo ti up kiacalul re lekagisi ip vofege.,$3101.09,58
Sadie Underwood,Selide subleso laf ufpipmun sihsemo coez hujeas fulvopjab wiwlab zuzok gaw tenef liwuh nopibak lunoik.,$6417.42,53
Lena Nichols,Mucahibu neh vuro rowu vo tiake pi abufugab kuvwoj puh kogafalu gub ehijro zecus kisusne zignokkih egni.,$846.66,35
Virginia Salazar,Ked zedvo hosun haflokjo ajoto sapro asuwezo ivaw jeoto harotare ogvicro di ovu zuon ime hakut.,$9431.61,18
Polly Bowers,Di coler usi cuzoasi gauku meocaup gu gedcecma cut cajeteki tosmij wo roadbum ol jarzuttu befhujeg hi so.,$3432.50,24
Julian Pierce,Sejve kacdo holako dobma ibe cose nijim momujnu latpep ku ibwicbo wa hakivul cumigo wagjafjic ego.,$6383.54,52
Allie Horton,Gun jawo sepif cestu zo ji fit jek noiwa juwotiwak mumliv osdi.,$7424.59,18
Rosie Woods,Galorile cocvo rutu jekoawe tehken keliz zisida wat okimo lo tamu vubil kefowco boef avti vu ah zo.,$4792.52,64
Sally Manning,Mera comjek geczi pukawe ruazi he oco vitu zauf ser borozok lodip be jafjar emecme ugkudar gohuzoh.,$1808.91,45
Connor Walsh,Bisuzugu nosot hutpib vapolota migladbu nacwebze sitoceno uzda hojut lop fawommu biozazob.,$3713.03,62
Erik Parker,Tomeccel zujtijado zi caowo fame vahtok jem omlet zazbithi owubuszew ahituvlon wusnu gaejuso mil.,$1499.06,42
